key,code,name,native,continent,capital,population,phone/0,phone/1,phone/2,phone/3,currency/0,currency/1,currency/2,language/0,language/1,language/2,language/3,language/4,language/5,language/6,language/7,language/8,language/9,language/10
AD,AD,Andorra,Andorra,Europe,Andorra la Vella,81000,376,,,,EUR,,,ca,,,,,,,,,,
AE,AE,United Arab Emirates,دولة الإمارات العربية المتحدة,Asia,Abu Dhabi,9600000,971,,,,AED,,,ar,,,,,,,,,,
AF,AF,Afghanistan,افغانستان,Asia,Kabul,44400000,93,,,,AFN,,,ps,fa,uz,tk,,,,,,,
AG,AG,Antigua and Barbuda,Antigua and Barbuda,North America,Saint John's,95000,1268,,,,XCD,,,en,,,,,,,,,,
AI,AI,Anguilla,Anguilla,North America,The Valley,16000,1264,,,,XCD,,,en,,,,,,,,,,
AL,AL,Albania,Shqipëria,Europe,Tirana,2800000,355,,,,ALL,,,sq,,,,,,,,,,
AM,AM,Armenia,Հայաստան,Asia,Yerevan,2770000,374,,,,AMD,,,hy,,,,,,,,,,
AO,AO,Angola,Angola,Africa,Luanda,38100000,244,,,,AOA,,,pt,,,,,,,,,,
AQ,AQ,Antarctica,Antarctica,Antarctica,,1000,672,,,,,,,,,,,,,,,,,
AR,AR,Argentina,Argentina,South America,Buenos Aires,46100000,54,,,,ARS,,,es,gn,,,,,,,,,
AS,AS,American Samoa,American Samoa,Oceania,Pago Pago,43000,1684,,,,USD,,,en,sm,,,,,,,,,
AT,AT,Austria,Österreich,Europe,Vienna,9020000,43,,,,EUR,,,de,,,,,,,,,,
AU,AU,Australia,Australia,Oceania,Canberra,27000000,61,,,,AUD,,,en,,,,,,,,,,
AW,AW,Aruba,Aruba,North America,Oranjestad,106000,297,,,,AWG,,,nl,pap,,,,,,,,,
AX,AX,Aland,Åland,Europe,Mariehamn,30600,358,,,,EUR,,,sv,,,,,,,,,,
AZ,AZ,Azerbaijan,Azərbaycan,Asia,Baku,10500000,994,,,,AZN,,,az,,,,,,,,,,
BA,BA,Bosnia and Herzegovina,Bosna i Hercegovina,Europe,Sarajevo,3150000,387,,,,BAM,,,bs,hr,sr,,,,,,,,
BB,BB,Barbados,Barbados,North America,Bridgetown,282000,1246,,,,BBD,,,en,,,,,,,,,,
BD,BD,Bangladesh,Bangladesh,Asia,Dhaka,176800000,880,,,,BDT,,,bn,,,,,,,,,,
BE,BE,Belgium,België,Europe,Brussels,11750000,32,,,,EUR,,,nl,fr,de,,,,,,,,
BF,BF,Burkina Faso,Burkina Faso,Africa,Ouagadougou,24300000,226,,,,XOF,,,fr,ff,,,,,,,,,
BG,BG,Bulgaria,България,Europe,Sofia,6580000,359,,,,BGN,,,bg,,,,,,,,,,
BH,BH,Bahrain,‏البحرين,Asia,Manama,1510000,973,,,,BHD,,,ar,,,,,,,,,,
BI,BI,Burundi,Burundi,Africa,Gitega,14000000,257,,,,BIF,,,fr,rn,sw,,,,,,,,
BJ,BJ,Benin,Bénin,Africa,Porto-Novo,14500000,229,,,,XOF,,,fr,fon,yor,,,,,,,,
BL,BL,Saint Barthelemy,Saint-Barthélemy,North America,Gustavia,11000,590,,,,EUR,,,fr,,,,,,,,,,
BM,BM,Bermuda,Bermuda,North America,Hamilton,63500,1441,,,,BMD,,,en,,,,,,,,,,
BN,BN,Brunei,Negara Brunei Darussalam,Asia,Bandar Seri Begawan,460000,673,,,,BND,,,ms,kxd,,,,,,,,,
BO,BO,Bolivia,Bolivia,South America,Sucre,12600000,591,,,,BOB,BOV,,es,ay,qu,grn,,,,,,,
BQ,BQ,Bonaire,Bonaire,North America,Kralendijk,30000,5997,,,,USD,,,nl,pap,,,,,,,,,
BR,BR,Brazil,Brasil,South America,Brasília,213200000,55,,,,BRL,,,pt,gun,kgp,,,,,,,,
BS,BS,Bahamas,Bahamas,North America,Nassau,415000,1242,,,,BSD,,,en,,,,,,,,,,
BT,BT,Bhutan,ʼbrug-yul,Asia,Thimphu,795000,975,,,,BTN,INR,,dz,tsj,nep,,,,,,,,
BV,BV,Bouvet Island,Bouvetøya,Antarctica,,0,47,,,,NOK,,,no,nb,nn,,,,,,,,
BW,BW,Botswana,Botswana,Africa,Gaborone,2750000,267,,,,BWP,,,en,tn,kna,,,,,,,,
BY,BY,Belarus,Беларусь,Europe,Minsk,9050000,375,,,,BYN,,,be,ru,,,,,,,,,
BZ,BZ,Belize,Belize,North America,Belmopan,420000,501,,,,BZD,,,en,es,cpe,kek,,,,,,,
CA,CA,Canada,Canada,North America,Ottawa,41200000,1,,,,CAD,,,en,fr,iku,cre,,,,,,,
CC,CC,Cocos (Keeling) Islands,Cocos (Keeling) Islands,Asia,West Island,600,61,,,,AUD,,,en,ms,,,,,,,,,
CD,CD,Democratic Republic of the Congo,République démocratique du Congo,Africa,Kinshasa,114800000,243,,,,CDF,,,fr,ln,kg,sw,lu,,,,,,
CF,CF,Central African Republic,Ködörösêse tî Bêafrîka,Africa,Bangui,5950000,236,,,,XAF,,,fr,sg,,,,,,,,,
CG,CG,Republic of the Congo,République du Congo,Africa,Brazzaville,6350000,242,,,,XAF,,,fr,ln,mkw,,,,,,,,
CH,CH,Switzerland,Schweiz,Europe,Bern,8980000,41,,,,CHF,CHE,CHW,de,fr,it,rm,gsw,,,,,,
CI,CI,Ivory Coast,Côte d'Ivoire,Africa,Yamoussoukro,33800000,225,,,,XOF,,,fr,dyu,bci,,,,,,,,
CK,CK,Cook Islands,Cook Islands,Oceania,Avarua,17000,682,,,,NZD,,,en,rar,,,,,,,,,
CL,CL,Chile,Chile,South America,Santiago,19700000,56,,,,CLF,CLP,,es,,,,,,,,,,
CM,CM,Cameroon,Cameroon,Africa,Yaoundé,30200000,237,,,,XAF,,,en,fr,ewo,dua,jax,,,,,,
CN,CN,China,中国,Asia,Beijing,1409000000,86,,,,CNY,,,zh,bo,ug,za,yue,wuu,nan,hak,cjy,gan,hsn
CO,CO,Colombia,Colombia,South America,Bogotá,52800000,57,,,,COP,,,es,guc,pbb,,,,,,,,
CR,CR,Costa Rica,Costa Rica,North America,San José,5250000,506,,,,CRC,,,es,,,,,,,,,,
CU,CU,Cuba,Cuba,North America,Havana,10950000,53,,,,CUP,,,es,,,,,,,,,,
CV,CV,Cape Verde,Cabo Verde,Africa,Praia,610000,238,,,,CVE,,,pt,kea,,,,,,,,,
CW,CW,Curacao,Curaçao,North America,Willemstad,192000,5999,,,,ANG,,,nl,pap,en,,,,,,,,
CX,CX,Christmas Island,Christmas Island,Asia,Flying Fish Cove,2000,61,,,,AUD,,,en,zh,ms,,,,,,,,
CY,CY,Cyprus,Κύπρος,Europe,Nicosia,1270000,357,,,,EUR,,,el,tr,hy,,,,,,,,
CZ,CZ,Czech Republic,Česká republika,Europe,Prague,10870000,420,,,,CZK,,,cs,,,,,,,,,,
DE,DE,Germany,Deutschland,Europe,Berlin,83800000,49,,,,EUR,,,de,dsb,,,,,,,,,
DJ,DJ,Djibouti,Djibouti,Africa,Djibouti,1150000,253,,,,DJF,,,fr,ar,,,,,,,,,
DK,DK,Denmark,Danmark,Europe,Copenhagen,6050000,45,,,,DKK,,,da,,,,,,,,,,
DM,DM,Dominica,Dominica,North America,Roseau,73000,1767,,,,XCD,,,en,gcf,,,,,,,,,
DO,DO,Dominican Republic,República Dominicana,North America,Santo Domingo,11500000,1809,1829,1849,,DOP,,,es,,,,,,,,,,
DZ,DZ,Algeria,الجزائر,Africa,Algiers,47500000,213,,,,DZD,,,ar,zgh,,,,,,,,,
EC,EC,Ecuador,Ecuador,South America,Quito,18500000,593,,,,USD,,,es,qu,jiv,,,,,,,,
EE,EE,Estonia,Eesti,Europe,Tallinn,1360000,372,,,,EUR,,,et,,,,,,,,,,
EG,EG,Egypt,مصر‎,Africa,Cairo,119300000,20,,,,EGP,,,arz,,,,,,,,,,
EH,EH,Western Sahara,الصحراء الغربية,Africa,El Aaiún,610000,212,,,,MAD,DZD,MRU,ar,es,,,,,,,,,
ER,ER,Eritrea,ኤርትራ,Africa,Asmara,3850000,291,,,,ERN,,,ti,ar,en,aar,,,,,,,
ES,ES,Spain,España,Europe,Madrid,47600000,34,,,,EUR,,,es,eu,ca,gl,oc,,,,,,
ET,ET,Ethiopia,ኢትዮጵያ,Africa,Addis Ababa,137300000,251,,,,ETB,,,am,om,ti,so,,,,,,,
FI,FI,Finland,Suomi,Europe,Helsinki,5620000,358,,,,EUR,,,fi,sv,se,,,,,,,,
FJ,FJ,Fiji,Fiji,Oceania,Suva,940000,679,,,,FJD,,,en,fj,hi,ur,,,,,,,
FK,FK,Falkland Islands,Falkland Islands,South America,Stanley,3700,500,,,,FKP,,,en,,,,,,,,,,
FM,FM,Micronesia,Micronesia,Oceania,Palikir,116000,691,,,,USD,,,en,chk,pon,yap,,,,,,,
FO,FO,Faroe Islands,Føroyar,Europe,Tórshavn,54000,298,,,,DKK,,,fo,da,,,,,,,,,
FR,FR,France,France,Europe,Paris,65000000,33,,,,EUR,,,fr,br,oc,,,,,,,,
GA,GA,Gabon,Gabon,Africa,Libreville,2550000,241,,,,XAF,,,fr,fng,,,,,,,,,
GB,GB,United Kingdom,United Kingdom,Europe,London,68300000,44,,,,GBP,,,en,cy,gd,,,,,,,,
GD,GD,Grenada,Grenada,North America,St. George's,127000,1473,,,,XCD,,,en,gcl,,,,,,,,,
GE,GE,Georgia,საქართველო,Asia,Tbilisi,3720000,995,,,,GEL,,,ka,ab,,,,,,,,,
GF,GF,French Guiana,Guyane française,South America,Cayenne,320000,594,,,,EUR,,,fr,gcr,,,,,,,,,
GG,GG,Guernsey,Guernsey,Europe,St. Peter Port,64000,44,,,,GBP,,,en,fr,nrf,,,,,,,,
GH,GH,Ghana,Ghana,Africa,Accra,35700000,233,,,,GHS,,,en,ak,ee,,,,,,,,
GI,GI,Gibraltar,Gibraltar,Europe,Gibraltar,33000,350,,,,GIP,,,en,es,,,,,,,,,
GL,GL,Greenland,Kalaallit Nunaat,North America,Nuuk,56700,299,,,,DKK,,,kl,,,,,,,,,,
GM,GM,Gambia,Gambia,Africa,Banjul,2890000,220,,,,GMD,,,en,wo,mnk,,,,,,,,
GN,GN,Guinea,Guinée,Africa,Conakry,14700000,224,,,,GNF,,,fr,fuf,man,,,,,,,,
GP,GP,Guadeloupe,Guadeloupe,North America,Basse-Terre,396000,590,,,,EUR,,,fr,gcf,,,,,,,,,
GQ,GQ,Equatorial Guinea,Guinea Ecuatorial,Africa,Malabo,1750000,240,,,,XAF,,,es,fr,pt,,,,,,,,
GR,GR,Greece,Ελλάδα,Europe,Athens,10300000,30,,,,EUR,,,el,,,,,,,,,,
GS,GS,South Georgia and the South Sandwich Islands,South Georgia,Antarctica,King Edward Point,30,500,,,,GBP,,,en,,,,,,,,,,
GT,GT,Guatemala,Guatemala,North America,Guatemala City,18900000,502,,,,GTQ,,,es,quc,kek,,,,,,,,
GU,GU,Guam,Guam,Oceania,Hagåtña,175000,1671,,,,USD,,,en,ch,es,,,,,,,,
GW,GW,Guinea-Bissau,Guiné-Bissau,Africa,Bissau,2200000,245,,,,XOF,,,pt,pov,,,,,,,,,
GY,GY,Guyana,Guyana,South America,Georgetown,820000,592,,,,GYD,,,en,gyn,,,,,,,,,
HK,HK,Hong Kong,香港,Asia,City of Victoria,7500000,852,,,,HKD,,,en,yue,,,,,,,,,
HM,HM,Heard Island and McDonald Islands,Heard Island and McDonald Islands,Antarctica,,0,61,,,,AUD,,,en,,,,,,,,,,
HN,HN,Honduras,Honduras,North America,Tegucigalpa,10900000,504,,,,HNL,,,es,,,,,,,,,,
HR,HR,Croatia,Hrvatska,Europe,Zagreb,3850000,385,,,,EUR,,,hr,,,,,,,,,,
HT,HT,Haiti,Haïti,North America,Port-au-Prince,12700000,509,,,,HTG,USD,,fr,ht,,,,,,,,,
HU,HU,Hungary,Magyarország,Europe,Budapest,9550000,36,,,,HUF,,,hu,,,,,,,,,,
ID,ID,Indonesia,Indonesia,Asia,Jakarta,286900000,62,,,,IDR,,,id,,,,,,,,,,
IE,IE,Ireland,Éire,Europe,Dublin,5350000,353,,,,EUR,,,ga,en,,,,,,,,,
IL,IL,Israel,יִשְׂרָאֵל,Asia,Jerusalem,10300000,972,,,,ILS,,,he,ar,,,,,,,,,
IM,IM,Isle of Man,Isle of Man,Europe,Douglas,85000,44,,,,GBP,,,en,gv,,,,,,,,,
IN,IN,India,भारत,Asia,New Delhi,1471000000,91,,,,INR,,,hi,en,bn,ta,,,,,,,
IO,IO,British Indian Ocean Territory,British Indian Ocean Territory,Asia,Diego Garcia,3000,246,,,,USD,,,en,,,,,,,,,,
IQ,IQ,Iraq,العراق,Asia,Baghdad,46600000,964,,,,IQD,,,ar,ku,,,,,,,,,
IR,IR,Iran,ایران,Asia,Tehran,92800000,98,,,,IRR,,,fa,,,,,,,,,,
IS,IS,Iceland,Ísland,Europe,Reykjavik,385000,354,,,,ISK,,,is,,,,,,,,,,
IT,IT,Italy,Italia,Europe,Rome,58700000,39,,,,EUR,,,it,,,,,,,,,,
JE,JE,Jersey,Jersey,Europe,Saint Helier,104000,44,,,,GBP,,,en,fr,jer,,,,,,,,
JM,JM,Jamaica,Jamaica,North America,Kingston,2830000,1876,,,,JMD,,,en,jam,,,,,,,,,
JO,JO,Jordan,الأردن,Asia,Amman,11500000,962,,,,JOD,,,ar,,,,,,,,,,
JP,JP,Japan,日本,Asia,Tokyo,122700000,81,,,,JPY,,,ja,,,,,,,,,,
KE,KE,Kenya,Kenya,Africa,Nairobi,57200000,254,,,,KES,,,en,sw,,,,,,,,,
KG,KG,Kyrgyzstan,Кыргызстан,Asia,Bishkek,7150000,996,,,,KGS,,,ky,ru,,,,,,,,,
KH,KH,Cambodia,កម្ពុជា,Asia,Phnom Penh,17600000,855,,,,KHR,,,km,,,,,,,,,,
KI,KI,Kiribati,Kiribati,Oceania,South Tarawa,137000,686,,,,AUD,,,en,gil,,,,,,,,,
KM,KM,Comoros,Komori,Africa,Moroni,880000,269,,,,KMF,,,ar,fr,zdj,,,,,,,,
KN,KN,Saint Kitts and Nevis,Saint Kitts and Nevis,North America,Basseterre,48000,1869,,,,XCD,,,en,,,,,,,,,,
KP,KP,North Korea,북한,Asia,Pyongyang,26500000,850,,,,KPW,,,ko,,,,,,,,,,
KR,KR,South Korea,대한민국,Asia,Seoul,51600000,82,,,,KRW,,,ko,,,,,,,,,,
KW,KW,Kuwait,الكويت,Asia,Kuwait City,4400000,965,,,,KWD,,,ar,,,,,,,,,,
KY,KY,Cayman Islands,Cayman Islands,North America,George Town,70000,1345,,,,KYD,,,en,,,,,,,,,,
KZ,KZ,Kazakhstan,Қазақстан,Asia,Astana,20600000,7,,,,KZT,,,kk,ru,,,,,,,,,
LA,LA,Laos,ສປປລາວ,Asia,Vientiane,7800000,856,,,,LAK,,,lo,,,,,,,,,,
LB,LB,Lebanon,لبنان,Asia,Beirut,5250000,961,,,,LBP,,,ar,fr,en,,,,,,,,
LC,LC,Saint Lucia,Saint Lucia,North America,Castries,181000,1758,,,,XCD,,,en,acf,,,,,,,,,
LI,LI,Liechtenstein,Liechtenstein,Europe,Vaduz,40000,423,,,,CHF,,,de,,,,,,,,,,
LK,LK,Sri Lanka,śrī laṃkāva,Asia,Colombo,21900000,94,,,,LKR,,,si,ta,,,,,,,,,
LR,LR,Liberia,Liberia,Africa,Monrovia,5800000,231,,,,LRD,,,en,lir,,,,,,,,,
LS,LS,Lesotho,Lesotho,Africa,Maseru,2380000,266,,,,LSL,ZAR,,en,st,zu,,,,,,,,
LT,LT,Lithuania,Lietuva,Europe,Vilnius,2700000,370,,,,EUR,,,lt,,,,,,,,,,
LU,LU,Luxembourg,Luxembourg,Europe,Luxembourg,670000,352,,,,EUR,,,fr,de,lb,,,,,,,,
LV,LV,Latvia,Latvija,Europe,Riga,1800000,371,,,,EUR,,,lv,,,,,,,,,,
LY,LY,Libya,‏ليبيا,Africa,Tripoli,7100000,218,,,,LYD,,,ar,,,,,,,,,,
MA,MA,Morocco,المغرب,Africa,Rabat,38100000,212,,,,MAD,,,ar,zgh,,,,,,,,,
MC,MC,Monaco,Monaco,Europe,Monaco,37000,377,,,,EUR,,,fr,mcf,,,,,,,,,
MD,MD,Moldova,Moldova,Europe,Chișinău,2500000,373,,,,MDL,,,ro,ru,gag,,,,,,,,
ME,ME,Montenegro,Црна Гора,Europe,Podgorica,610000,382,,,,EUR,,,sr,bs,sq,hr,,,,,,,
MF,MF,Saint Martin,Saint-Martin,North America,Marigot,32000,590,,,,EUR,,,en,fr,nl,,,,,,,,
MG,MG,Madagascar,Madagasikara,Africa,Antananarivo,32300000,261,,,,MGA,,,fr,mg,,,,,,,,,
MH,MH,Marshall Islands,M̧ajeļ,Oceania,Majuro,42000,692,,,,USD,,,en,mh,,,,,,,,,
MK,MK,North Macedonia,Северна Македонија,Europe,Skopje,2080000,389,,,,MKD,,,mk,sq,,,,,,,,,
ML,ML,Mali,Mali,Africa,Bamako,24500000,223,,,,XOF,,,fr,bm,,,,,,,,,
MM,MM,Myanmar (Burma),မြန်မာ,Asia,Naypyidaw,55400000,95,,,,MMK,,,my,kar,shn,,,,,,,,
MN,MN,Mongolia,Монгол улс,Asia,Ulan Bator,3550000,976,,,,MNT,,,mn,,,,,,,,,,
MO,MO,Macao,澳門,Asia,,715000,853,,,,MOP,,,zh,pt,,,,,,,,,
MP,MP,Northern Mariana Islands,Northern Mariana Islands,Oceania,Saipan,50000,1670,,,,USD,,,en,ch,cal,,,,,,,,
MQ,MQ,Martinique,Martinique,North America,Fort-de-France,365000,596,,,,EUR,,,fr,gcf,,,,,,,,,
MR,MR,Mauritania,موريتانيا,Africa,Nouakchott,5200000,222,,,,MRU,,,wo,mey,,,,,,,,,
MS,MS,Montserrat,Montserrat,North America,Plymouth,4400,1664,,,,XCD,,,en,,,,,,,,,,
MT,MT,Malta,Malta,Europe,Valletta,540000,356,,,,EUR,,,mt,en,,,,,,,,,
MU,MU,Mauritius,Maurice,Africa,Port Louis,1300000,230,,,,MUR,,,en,fr,mfe,,,,,,,,
MV,MV,Maldives,Maldives,Asia,Malé,525000,960,,,,MVR,,,dv,,,,,,,,,,
MW,MW,Malawi,Malawi,Africa,Lilongwe,22500000,265,,,,MWK,,,en,ny,,,,,,,,,
MX,MX,Mexico,México,North America,Mexico City,132500000,52,,,,MXN,,,es,nah,yua,,,,,,,,
MY,MY,Malaysia,Malaysia,Asia,Kuala Lumpur,35800000,60,,,,MYR,,,ms,zh,ta,,,,,,,,
MZ,MZ,Mozambique,Moçambique,Africa,Maputo,36300000,258,,,,MZN,,,pt,vmw,tso,,,,,,,,
NA,NA,Namibia,Namibia,Africa,Windhoek,3150000,264,,,,NAD,ZAR,,en,af,kua,,,,,,,,
NC,NC,New Caledonia,Nouvelle-Calédonie,Oceania,Nouméa,295000,687,,,,XPF,,,fr,dhv,,,,,,,,,
NE,NE,Niger,Niger,Africa,Niamey,28400000,227,,,,XOF,,,fr,ha,dje,,,,,,,,
NF,NF,Norfolk Island,Norfolk Island,Oceania,Kingston,1750,672,,,,AUD,,,en,pih,,,,,,,,,
NG,NG,Nigeria,Nigeria,Africa,Abuja,240200000,234,,,,NGN,,,en,ha,yo,ig,,,,,,,
NI,NI,Nicaragua,Nicaragua,North America,Managua,7200000,505,,,,NIO,,,es,,,,,,,,,,
NL,NL,Netherlands,Nederland,Europe,Amsterdam,18100000,31,,,,EUR,,,nl,fy,,,,,,,,,
NO,NO,Norway,Norge,Europe,Oslo,5600000,47,,,,NOK,,,no,nb,nn,se,,,,,,,
NP,NP,Nepal,नेपाल,Asia,Kathmandu,31600000,977,,,,NPR,,,ne,mai,,,,,,,,,
NR,NR,Nauru,Nauru,Oceania,Yaren,13000,674,,,,AUD,,,en,na,,,,,,,,,
NU,NU,Niue,Niuē,Oceania,Alofi,1900,683,,,,NZD,,,en,niu,,,,,,,,,
NZ,NZ,New Zealand,New Zealand,Oceania,Wellington,5350000,64,,,,NZD,,,en,mi,,,,,,,,,
OM,OM,Oman,عمان,Asia,Muscat,5400000,968,,,,OMR,,,ar,,,,,,,,,,
PA,PA,Panama,Panamá,North America,Panama City,4600000,507,,,,PAB,USD,,es,,,,,,,,,,
PE,PE,Peru,Perú,South America,Lima,35100000,51,,,,PEN,,,es,qu,ay,,,,,,,,
PF,PF,French Polynesia,Polynésie française,Oceania,Papeetē,311000,689,,,,XPF,,,fr,ty,,,,,,,,,
PG,PG,Papua New Guinea,Papua Niugini,Oceania,Port Moresby,11000000,675,,,,PGK,,,en,tpi,hmo,,,,,,,,
PH,PH,Philippines,Pilipinas,Asia,Manila,117300000,63,,,,PHP,,,en,tl,,,,,,,,,
PK,PK,Pakistan,Pakistan,Asia,Islamabad,257400000,92,,,,PKR,,,en,ur,pan,,,,,,,,
PL,PL,Poland,Polska,Europe,Warsaw,40100000,48,,,,PLN,,,pl,,,,,,,,,,
PM,PM,Saint Pierre and Miquelon,Saint-Pierre-et-Miquelon,North America,Saint-Pierre,5800,508,,,,EUR,,,fr,,,,,,,,,,
PN,PN,Pitcairn Islands,Pitcairn Islands,Oceania,Adamstown,50,64,,,,NZD,,,en,pih,,,,,,,,,
PR,PR,Puerto Rico,Puerto Rico,North America,San Juan,3200000,1787,1939,,,USD,,,es,en,,,,,,,,,
PS,PS,Palestine,فلسطين,Asia,Ramallah,5600000,970,,,,ILS,,,ar,,,,,,,,,,
PT,PT,Portugal,Portugal,Europe,Lisbon,10200000,351,,,,EUR,,,pt,mwl,,,,,,,,,
PW,PW,Palau,Palau,Oceania,Ngerulmud,18000,680,,,,USD,,,en,pau,,,,,,,,,
PY,PY,Paraguay,Paraguay,South America,Asunción,6950000,595,,,,PYG,,,es,gn,,,,,,,,,
QA,QA,Qatar,قطر,Asia,Doha,2750000,974,,,,QAR,,,ar,,,,,,,,,,
RE,RE,Reunion,La Réunion,Africa,Saint-Denis,990000,262,,,,EUR,,,fr,rcf,,,,,,,,,
RO,RO,Romania,România,Europe,Bucharest,18900000,40,,,,RON,,,ro,,,,,,,,,,
RS,RS,Serbia,Србија,Europe,Belgrade,7100000,381,,,,RSD,,,sr,,,,,,,,,,
RU,RU,Russia,Россия,Asia,Moscow,143500000,7,,,,RUB,,,ru,tt,ce,,,,,,,,
RW,RW,Rwanda,Rwanda,Africa,Kigali,14800000,250,,,,RWF,,,rw,en,fr,sw,,,,,,,
SA,SA,Saudi Arabia,المملكة العربية السعودية,Asia,Riyadh,38400000,966,,,,SAR,,,ar,,,,,,,,,,
SB,SB,Solomon Islands,Solomon Islands,Oceania,Honiara,770000,677,,,,SBD,,,en,pis,,,,,,,,,
SC,SC,Seychelles,Seychelles,Africa,Victoria,108000,248,,,,SCR,,,fr,en,crs,,,,,,,,
SD,SD,Sudan,السودان,Africa,Khartoum,50200000,249,,,,SDG,,,ar,en,,,,,,,,,
SE,SE,Sweden,Sverige,Europe,Stockholm,10650000,46,,,,SEK,,,sv,,,,,,,,,,
SG,SG,Singapore,Singapore,Asia,Singapore,6050000,65,,,,SGD,,,en,ms,ta,zh,,,,,,,
SH,SH,Saint Helena,Saint Helena,Africa,Jamestown,4400,290,,,,SHP,,,en,,,,,,,,,,
SI,SI,Slovenia,Slovenija,Europe,Ljubljana,2120000,386,,,,EUR,,,sl,,,,,,,,,,
SJ,SJ,Svalbard and Jan Mayen,Svalbard og Jan Mayen,Europe,Longyearbyen,2500,4779,,,,NOK,,,no,,,,,,,,,,
SK,SK,Slovakia,Slovensko,Europe,Bratislava,5420000,421,,,,EUR,,,sk,,,,,,,,,,
SL,SL,Sierra Leone,Sierra Leone,Africa,Freetown,9200000,232,,,,SLL,,,en,kri,,,,,,,,,
SM,SM,San Marino,San Marino,Europe,City of San Marino,34000,378,,,,EUR,,,it,,,,,,,,,,
SN,SN,Senegal,Sénégal,Africa,Dakar,18800000,221,,,,XOF,,,fr,wo,,,,,,,,,
SO,SO,Somalia,Soomaaliya,Africa,Mogadishu,19100000,252,,,,SOS,,,so,ar,,,,,,,,,
SR,SR,Suriname,Suriname,South America,Paramaribo,630000,597,,,,SRD,,,nl,srn,,,,,,,,,
SS,SS,South Sudan,South Sudan,Africa,Juba,12100000,211,,,,SSP,,,en,din,nus,bfa,,,,,,,
ST,ST,Sao Tome and Principe,São Tomé e Príncipe,Africa,São Tomé,239000,239,,,,STN,,,pt,,,,,,,,,,
SV,SV,El Salvador,El Salvador,North America,San Salvador,6400000,503,,,,SVC,USD,,es,,,,,,,,,,
SX,SX,Sint Maarten,Sint Maarten,North America,Philipsburg,44000,1721,,,,ANG,,,nl,en,,,,,,,,,
SY,SY,Syria,سوريا,Asia,Damascus,24500000,963,,,,SYP,,,ar,,,,,,,,,,
SZ,SZ,Eswatini,Eswatini,Africa,Lobamba,1230000,268,,,,SZL,,,en,ss,,,,,,,,,
TC,TC,Turks and Caicos Islands,Turks and Caicos Islands,North America,Cockburn Town,46000,1649,,,,USD,,,en,,,,,,,,,,
TD,TD,Chad,Tchad,Africa,N'Djamena,19600000,235,,,,XAF,,,fr,shu,,,,,,,,,
TF,TF,French Southern Territories,Territoire des Terres australes et antarctiques fr,Antarctica,Port-aux-Français,140,262,,,,EUR,,,fr,,,,,,,,,,
TG,TG,Togo,Togo,Africa,Lomé,9500000,228,,,,XOF,,,fr,ee,kbp,,,,,,,,
TH,TH,Thailand,ประเทศไทย,Asia,Bangkok,71600000,66,,,,THB,,,th,,,,,,,,,,
TJ,TJ,Tajikistan,Тоҷикистон,Asia,Dushanbe,10700000,992,,,,TJS,,,tg,ru,,,,,,,,,
TK,TK,Tokelau,Tokelau,Oceania,Fakaofo,1500,690,,,,NZD,,,en,tkl,smo,,,,,,,,
TL,TL,East Timor,Timor-Leste,Oceania,Dili,1400000,670,,,,USD,,,pt,tet,,,,,,,,,
TM,TM,Turkmenistan,Türkmenistan,Asia,Ashgabat,6600000,993,,,,TMT,,,tk,ru,,,,,,,,,
TN,TN,Tunisia,تونس,Africa,Tunis,12600000,216,,,,TND,,,ar,,,,,,,,,,
TO,TO,Tonga,Tonga,Oceania,Nuku'alofa,108000,676,,,,TOP,,,en,to,,,,,,,,,
TR,TR,Turkey,Türkiye,Asia,Ankara,87800000,90,,,,TRY,,,tr,ku,,,,,,,,,
TT,TT,Trinidad and Tobago,Trinidad and Tobago,North America,Port of Spain,1540000,1868,,,,TTD,,,en,tto,,,,,,,,,
TV,TV,Tuvalu,Tuvalu,Oceania,Funafuti,11500,688,,,,AUD,,,en,tvl,,,,,,,,,
TW,TW,Taiwan,臺灣,Asia,Taipei,23900000,886,,,,TWD,,,zh,nan,hak,,,,,,,,
TZ,TZ,Tanzania,Tanzania,Africa,Dodoma,71400000,255,,,,TZS,,,sw,en,,,,,,,,,
UA,UA,Ukraine,Україна,Europe,Kyiv,37000000,380,,,,UAH,,,uk,ru,,,,,,,,,
UG,UG,Uganda,Uganda,Africa,Kampala,51000000,256,,,,UGX,,,en,sw,lug,,,,,,,,
UM,UM,U.S. Minor Outlying Islands,United States Minor Outlying Islands,Oceania,,190,1,,,,USD,,,en,,,,,,,,,,
US,US,United States,United States,North America,Washington D.C.,348300000,1,,,,USD,USN,USS,en,es,haw,,,,,,,,
UY,UY,Uruguay,Uruguay,South America,Montevideo,3420000,598,,,,UYI,UYU,,es,,,,,,,,,,
UZ,UZ,Uzbekistan,O'zbekiston,Asia,Tashkent,37300000,998,,,,UZS,,,uz,ru,tg,,,,,,,,
VA,VA,Vatican City,Vaticano,Europe,Vatican City,800,379,,,,EUR,,,it,la,,,,,,,,,
VC,VC,Saint Vincent and the Grenadines,Saint Vincent and the Grenadines,North America,Kingstown,104000,1784,,,,XCD,,,en,svc,,,,,,,,,
VE,VE,Venezuela,Venezuela,South America,Caracas,29800000,58,,,,VES,,,es,,,,,,,,,,
VG,VG,British Virgin Islands,British Virgin Islands,North America,Road Town,32000,1284,,,,USD,,,en,,,,,,,,,,
VI,VI,U.S. Virgin Islands,United States Virgin Islands,North America,Charlotte Amalie,103000,1340,,,,USD,,,en,,,,,,,,,,
VN,VN,Vietnam,Việt Nam,Asia,Hanoi,101900000,84,,,,VND,,,vi,,,,,,,,,,
VU,VU,Vanuatu,Vanuatu,Oceania,Port Vila,345000,678,,,,VUV,,,bi,en,fr,,,,,,,,
WF,WF,Wallis and Futuna,Wallis et Futuna,Oceania,Mata-Utu,11400,681,,,,XPF,,,fr,wls,fud,,,,,,,,
WS,WS,Samoa,Samoa,Oceania,Apia,228000,685,,,,WST,,,sm,en,,,,,,,,,
XK,XK,Kosovo,Republika e Kosovës,Europe,Pristina,1570000,377,381,383,386,EUR,,,sq,sr,,,,,,,,,
YE,YE,Yemen,اليَمَن,Asia,Sana'a,36200000,967,,,,YER,,,ar,,,,,,,,,,
YT,YT,Mayotte,Mayotte,Africa,Mamoudzou,345000,262,,,,EUR,,,fr,swb,,,,,,,,,
ZA,ZA,South Africa,South Africa,Africa,Pretoria,61500000,27,,,,ZAR,,,af,en,nr,st,ss,tn,ts,ve,xh,zu,
ZM,ZM,Zambia,Zambia,Africa,Lusaka,22200000,260,,,,ZMW,,,en,ny,bem,loz,,,,,,,
ZW,ZW,Zimbabwe,Zimbabwe,Africa,Harare,,263,,,,USD,ZAR,BWP;GBP;AUD;CNY;INR;JPY,,,,,,,,,,,
